{
  "type": "tacz:gun_smith_table_crafting",
  "materials": [
    {
      "item": {
        "tag": "forge:ingots/iron"
      },
      "count": 2
    },
    {
      "item": {
        "tag": "forge:leather"
      },
      "count": 1
    },
    {
      "item": {
        "tag": "minecraft:planks"
      },
      "count": 6
    },
    {
      "item": {
        "tag": "forge:gems/quartz"
      },
      "count": 1
    }
  ],
  "result": {
    "type": "custom",
    "group": "lrtactical:melee",
    "item": {
      "item": "lrtactical:melee",
      "nbt": {
        "MeleeWeaponId": "lrtactical:baseball_bat"
      }
    }
  }
}