{
  "type": "minecraft:empty",
  "pools": [
    {
      "rolls": 1,
      "entries": [
        {
          "type": "minecraft:item",
          "name": "tacz:modern_kinetic_gun",
          "weight": 1,
          "functions": [
            {
              "function": "minecraft:set_nbt",
              "tag": "{GunId:\"tacz:m249\",GunFireMode:\"AUTO\",GunCurrentAmmoCount:75}"
            }
          ]
        }
      ]
    },
    {
      "rolls": 6,
      "entries": [
        {
          "type": "minecraft:item",
          "name": "tacz:ammo",
          "weight": 1,
          "functions": [
            {
              "function": "minecraft:set_nbt",
              "tag": "{AmmoId:\"tacz:556x45\"}"
            },
            {
              "function": "minecraft:set_count",
              "count": {
                  "min": 10,
                  "max": 20
              }
            }
          ]
        }
      ]
    }
  ]
}
