{
  "type": "minecraft:empty",
  "pools": [
    {
      "rolls": 1,
      "entries": [
        {
          "type": "minecraft:item",
          "name": "tacz:modern_kinetic_gun",
          "weight": 1,
          "functions": [
            {
              "function": "minecraft:set_nbt",
              "tag": "{GunId:\"tacz:qbz_95\",GunFireMode:\"BURST\",GunCurrentAmmoCount:30}"
            }
          ]
        }
      ]
    },
    {
      "rolls": 8,
      "entries": [
        {
          "type": "minecraft:item",
          "name": "tacz:ammo",
          "weight": 1,
          "functions": [
            {
              "function": "minecraft:set_nbt",
              "tag": "{AmmoId:\"tacz:58x42\"}"
            },
            {
              "function": "minecraft:set_count",
              "count": {
                  "min": 15,
                  "max": 60
              }
            }
          ]
        }
      ]
    }
  ]
}