{
  "type": "minecraft:empty",
  "pools": [
    {
      "rolls": 1,
      "entries": [
        {
          "type": "minecraft:item",
          "name": "tacz:modern_kinetic_gun",
          "weight": 1,
          "functions": [
            {
              "function": "minecraft:set_nbt",
              "tag": "{GunId:\"tacz:sks_tactical\",GunFireMode:\"SEMI\",GunCurrentAmmoCount:10}"
            }
          ]
        }
      ]
    },
    {
      "rolls": 3,
      "entries": [
        {
          "type": "minecraft:item",
          "name": "tacz:ammo",
          "weight": 1,
          "functions": [
            {
              "function": "minecraft:set_nbt",
              "tag": "{AmmoId:\"tacz:762x39\"}"
            },
            {
              "function": "minecraft:set_count",
              "count": {
                  "min": 8,
                  "max": 12
              }
            }
          ]
        }
      ]
    }
  ]
}
