{
  "name": "item.lrtactical.karambit",
  "type": "lrtactical:normal",
  "base_item": "lrtactical:melee",
  "data": {
    "attributes": {
      "generic.attack_damage": 7,
      "minecraft:generic.movement_speed": {
        "amount": 0.02,
        "operation": "percent"
      }
    },
    // tick
    "draw_time": 16,
    // tick
    "put_away_time": 5,
    // 最大耐久，填0表示无限耐久
    "max_durability": 384,
    // 附魔能力，附魔能力越高，魔咒的质量就越好
    // 作为参考，原版的石/钻石/铁/木/下界合金/金 制工具的附魔能力为 5/10/14/15/15/22
    "enchantment_value": 14,
    "attack": {
      "attack_left": {
        // 伤害倍率
        "factor": 0.875,
        // 击退
        "knockback": 0.2,
        // 攻击冷却(tick)
        "cooldown": 9,
        // 延迟出伤(tick)
        "delay": 0,
        // 判定类型
        "hitbox": {
          // 圆锥区域
          "type": "cone",
          // 最大距离
          "max_range": 3.5,
          // 角度
          "max_angle": 90,
          // 排除自己
          "exclude_self": true
        }
      },
      "attack_right": {
        "factor": 1.5,
        "knockback": 0.3,
        "cooldown": 20,
        "delay": 0,
        "hitbox": {
          // 射线
          "type": "ray",
          // 最大距离
          "max_range": 3.5,
          // 穿刺
          "penetration": 0
        }
      }
    }
  }
}