{
  "type": "empty",
  "pools": [
    {
      "rolls": 1,
      "entries": [
        {
          "type": "minecraft:item",
          "name": "minecraft:baked_potato",
          "weight": 3,
          "functions": [
            {
              "function": "minecraft:set_count",
              "count": {
                  "min": 8,
                  "max": 16
              }
            }
          ]
        },
        {
          "type": "minecraft:item",
          "name": "minecraft:cooked_beef",
          "weight": 1,
          "functions": [
            {
              "function": "minecraft:set_count",
              "count": {
                  "min": 4,
                  "max": 12
              }
            }
          ]
        },
        {
          "type": "minecraft:item",
          "name": "minecraft:cooked_porkchop",
          "weight": 1,
          "functions": [
            {
              "function": "minecraft:set_count",
              "count": {
                  "min": 4,
                  "max": 12
              }
            }
          ]
        },
        {
          "type": "minecraft:item",
          "name": "minecraft:cooked_mutton",
          "weight": 1,
          "functions": [
            {
              "function": "minecraft:set_count",
              "count": {
                  "min": 4,
                  "max": 12
              }
            }
          ]
        },
        {
          "type": "minecraft:item",
          "name": "minecraft:cooked_chicken",
          "weight": 1,
          "functions": [
            {
              "function": "minecraft:set_count",
              "count": {
                  "min": 4,
                  "max": 12
              }
            }
          ]
        },
        {
          "type": "minecraft:item",
          "name": "minecraft:cooked_rabbit",
          "weight": 1,
          "functions": [
            {
              "function": "minecraft:set_count",
              "count": {
                  "min": 4,
                  "max": 12
              }
            }
          ]
        },
        {
          "type": "minecraft:item",
          "name": "minecraft:cooked_cod",
          "weight": 2,
          "functions": [
            {
              "function": "minecraft:set_count",
              "count": {
                  "min": 4,
                  "max": 12
              }
            }
          ]
        },
        {
          "type": "minecraft:item",
          "name": "minecraft:cooked_salmon",
          "weight": 2,
          "functions": [
            {
              "function": "minecraft:set_count",
              "count": {
                  "min": 4,
                  "max": 12
              }
            }
          ]
        },
        {
          "type": "minecraft:item",
          "name": "minecraft:bread",
          "weight": 3,
          "functions": [
            {
              "function": "minecraft:set_count",
              "count": {
                  "min": 8,
                  "max": 16
              }
            }
          ]
        },
        {
          "type": "minecraft:item",
          "name": "minecraft:cookie",
          "weight": 4,
          "functions": [
            {
              "function": "minecraft:set_count",
              "count": {
                  "min": 2,
                  "max": 6
              }
            }
          ]
        },
        {
          "type": "minecraft:item",
          "name": "minecraft:mushroom_stew",
          "weight": 2
        },
        {
          "type": "minecraft:item",
          "name": "minecraft:rabbit_stew",
          "weight": 2
        }
      ]
    }
  ]
}