{
  "type": "empty",
  "pools": [
    {
      "rolls": 1,
      "entries": [
        {
          "type": "minecraft:item",
          "name": "lrtactical:throwable",
          "weight": 5,
          "functions": [
            {
              "function": "minecraft:set_nbt",
              "tag": "{ThrowableId:\"lrtactical:m67\"}"
            }
          ]
        },
        {
          "type": "minecraft:item",
          "name": "lrtactical:throwable",
          "weight": 3,
          "functions": [
            {
              "function": "minecraft:set_nbt",
              "tag": "{ThrowableId:\"lrtactical:molotov\"}"
            }
          ]
        },
        {
          "type": "minecraft:item",
          "name": "lrtactical:throwable",
          "weight": 4,
          "functions": [
            {
              "function": "minecraft:set_nbt",
              "tag": "{ThrowableId:\"lrtactical:flash_grenade\"}"
            }
          ]
        },
        {
          "type": "minecraft:item",
          "name": "lrtactical:throwable",
          "weight": 3,
          "functions": [
            {
              "function": "minecraft:set_nbt",
              "tag": "{ThrowableId:\"lrtactical:smoke_grenade\"}"
            }
          ]
        }
      ]
    }
  ]
}
