{
  "type": "minecraft:empty",
  "pools": [
    {
      "rolls": 1,
      "entries": [
        {
          "type": "minecraft:loot_table",
          "weight": 3,
          "name": "taczsf:gun_types/rifle"
        },
        {
          "type": "minecraft:loot_table",
          "weight": 3,
          "name": "taczsf:gun_types/smg"
        },
        {
          "type": "minecraft:loot_table",
          "weight": 3,
          "name": "taczsf:gun_types/shotgun"
        },
        {
          "type": "minecraft:loot_table",
          "weight": 2,
          "name": "taczsf:gun_types/machinegun"
        }
      ]
    },
    {
      "rolls": 1,
      "entries": [
        {
          "type": "minecraft:loot_table",
          "weight": 1,
          "name": "taczsf:gun_types/pistol"
        }
      ]
    },
    {
      "rolls": {
        "type": "minecraft:binomial",
        "n": 2,
        "p": 0.5
      },
      "entries": [
        {
          "type": "minecraft:loot_table",
          "weight": 1,
          "name": "taczsf:heal_potion"
        }
      ]
    },
    {
      "rolls": {
        "type": "minecraft:binomial",
        "n": 3,
        "p": 0.2
      },
      "entries": [
        {
          "type": "minecraft:loot_table",
          "weight": 1,
          "name": "taczsf:grenade"
        }
      ]
    }
  ]
}
