{
  "type": "taczsf:add_items",
  "conditions": [
    {
      "condition": "forge:loot_table_id",
      "loot_table_id": "taczsf:spawn_inv/commander"
    }
  ],
  "entries": [
    {
      "item": "minecraft:golden_helmet"
    },
    {
      "item": "minecraft:golden_chestplate"
    },
    {
      "item": "minecraft:golden_leggings"
    },
    {
      "item": "minecraft:golden_boots"
    },
    {
      "item": "tacz:modern_kinetic_gun",
      "nbt": "{GunId:\"tacz:rpg7\",GunFireMode:\"SEMI\",GunCurrentAmmoCount:1}"
    },
    {
      "item": "minecraft:lingering_potion",
      "nbt": "{Potion:\"healing\"}"
    }
  ]
}