{
  "type": "tacz:gun_smith_table_crafting",
  "materials": [
    {
      "item": {
        "item": "minecraft:iron_block"
      },
      "count": 2
    },
    {
      "item": {
        "item": "minecraft:redstone_lamp"
      },
      "count": 1
    },
    {
      "item": {
        "item": "minecraft:amethyst_shard"
      },
      "count": 1
    },
    {
      "item": {
        "tag": "forge:rods/blaze"
      },
      "count": 2
    }
  ],
  "result": {
    "type": "custom",
    "group": "lrtactical:misc",
    "item": {
      "item": "lrtactical:flash_shield"
    }
  }
}